[
  {
    "value": "original",
    "name": "Original",
    "bgPrimary": "#1b2838",
    "bgSecondary": "#2a475e",
    "bgTertiary": "rgba(7, 7, 7, 0.86)",
    "bgHover": "rgba(7, 7, 7, 0.86)",
    "bgContainer": "rgba(11,20,30,0.6)",
    "bgContainerGradient": "rgba(11, 20, 30, 0.85), #0b141e",
    "accent": "#66c0f4",
    "accentLight": "#a4d7f5",
    "accentDark": "#4a9ece",
    "border": "rgba(102,192,244,0.3)",
    "borderHover": "rgba(102,192,244,0.8)",
    "text": "#fff",
    "textSecondary": "#c7d5e0",
    "gradient": "linear-gradient(135deg, #66c0f4 0%, #a4d7f5 100%)",
    "gradientLight": "linear-gradient(135deg, #a4d7f5 0%, #7dd4ff 100%)",
    "shadow": "rgba(102,192,244,0.4)",
    "shadowHover": "rgba(102,192,244,0.6)"
  },
  {
    "value": "dark",
    "name": "Dark",
    "bgPrimary": "#1a1a1a",
    "bgSecondary": "#2a2a2a",
    "bgTertiary": "rgba(15, 15, 15, 0.95)",
    "bgHover": "rgba(26, 26, 26, 0.95)",
    "bgContainer": "rgba(15,15,15,0.6)",
    "bgContainerGradient": "rgba(15, 15, 15, 0.85), #0f0f0f",
    "accent": "#888888",
    "accentLight": "#aaaaaa",
    "accentDark": "#666666",
    "border": "rgba(136, 136, 136, 0.3)",
    "borderHover": "rgba(136, 136, 136, 0.8)",
    "text": "#fff",
    "textSecondary": "#c7d5e0",
    "gradient": "linear-gradient(135deg, #aaaaaa 0%, #888888 100%)",
    "gradientLight": "linear-gradient(135deg, #cccccc 0%, #aaaaaa 100%)",
    "shadow": "rgba(136, 136, 136, 0.4)",
    "shadowHover": "rgba(136, 136, 136, 0.6)"
  },
  {
    "value": "light",
    "name": "Light",
    "bgPrimary": "#f5f5f5",
    "bgSecondary": "#ffffff",
    "bgTertiary": "rgba(255, 255, 255, 0.95)",
    "bgHover": "rgba(240, 240, 240, 0.95)",
    "bgContainer": "rgba(230, 230, 235, 0.8)",
    "bgContainerGradient": "rgba(245, 245, 250, 0.95), #f5f5f5",
    "accent": "#0056b3",
    "accentLight": "#0077e6",
    "accentDark": "#003d82",
    "border": "rgba(0, 86, 179, 0.4)",
    "borderHover": "rgba(0, 86, 179, 0.8)",
    "text": "#1a202c",
    "textSecondary": "#4a5568",
    "gradient": "linear-gradient(135deg, #0077e6 0%, #0056b3 100%)",
    "gradientLight": "linear-gradient(135deg, #0099ff 0%, #0077e6 100%)",
    "shadow": "rgba(0, 86, 179, 0.25)",
    "shadowHover": "rgba(0, 86, 179, 0.4)"
  },
  {
    "value": "purple",
    "name": "Purple",
    "bgPrimary": "#1a1a1a",
    "bgSecondary": "#2a2a2a",
    "bgTertiary": "rgba(15, 15, 15, 0.95)",
    "bgHover": "rgba(26, 26, 26, 0.95)",
    "bgContainer": "rgba(15,15,15,0.6)",
    "bgContainerGradient": "rgba(15, 15, 15, 0.85), #0f0f0f",
    "accent": "#a78bfa",
    "accentLight": "#c4b5fd",
    "accentDark": "#8b5cf6",
    "border": "rgba(167, 139, 250, 0.3)",
    "borderHover": "rgba(167, 139, 250, 0.8)",
    "text": "#fff",
    "textSecondary": "#c7d5e0",
    "gradient": "linear-gradient(135deg, #c4b5fd 0%, #a78bfa 100%)",
    "gradientLight": "linear-gradient(135deg, #ddd6fe 0%, #c4b5fd 100%)",
    "shadow": "rgba(167, 139, 250, 0.4)",
    "shadowHover": "rgba(167, 139, 250, 0.6)"
  },
  {
    "value": "space",
    "name": "Space",
    "bgPrimary": "#0a0e27",
    "bgSecondary": "#1a1f3a",
    "bgTertiary": "rgba(10, 14, 39, 0.95)",
    "bgHover": "rgba(26, 31, 58, 0.95)",
    "bgContainer": "rgba(10,14,39,0.8)",
    "bgContainerGradient": "rgba(10, 14, 39, 0.9), #0a0e27",
    "accent": "#6366f1",
    "accentLight": "#818cf8",
    "accentDark": "#4f46e5",
    "border": "rgba(99, 102, 241, 0.3)",
    "borderHover": "rgba(99, 102, 241, 0.8)",
    "text": "#fff",
    "textSecondary": "#e0e7ff",
    "gradient": "linear-gradient(135deg, #818cf8 0%, #6366f1 100%)",
    "gradientLight": "linear-gradient(135deg, #a5b4fc 0%, #818cf8 100%)",
    "shadow": "rgba(99, 102, 241, 0.4)",
    "shadowHover": "rgba(99, 102, 241, 0.6)"
  },
  {
    "value": "ocean",
    "name": "Ocean",
    "bgPrimary": "#0f172a",
    "bgSecondary": "#1e293b",
    "bgTertiary": "rgba(15, 23, 42, 0.95)",
    "bgHover": "rgba(30, 41, 59, 0.95)",
    "bgContainer": "rgba(15,23,42,0.8)",
    "bgContainerGradient": "rgba(15, 23, 42, 0.9), #0f172a",
    "accent": "#06b6d4",
    "accentLight": "#22d3ee",
    "accentDark": "#0891b2",
    "border": "rgba(6, 182, 212, 0.3)",
    "borderHover": "rgba(6, 182, 212, 0.8)",
    "text": "#fff",
    "textSecondary": "#cbd5e1",
    "gradient": "linear-gradient(135deg, #22d3ee 0%, #06b6d4 100%)",
    "gradientLight": "linear-gradient(135deg, #67e8f9 0%, #22d3ee 100%)",
    "shadow": "rgba(6, 182, 212, 0.4)",
    "shadowHover": "rgba(6, 182, 212, 0.6)"
  },
  {
    "value": "forest",
    "name": "Forest",
    "bgPrimary": "#0f1f0f",
    "bgSecondary": "#1a2e1a",
    "bgTertiary": "rgba(15, 31, 15, 0.95)",
    "bgHover": "rgba(26, 46, 26, 0.95)",
    "bgContainer": "rgba(15,31,15,0.8)",
    "bgContainerGradient": "rgba(15, 31, 15, 0.9), #0f1f0f",
    "accent": "#10b981",
    "accentLight": "#34d399",
    "accentDark": "#059669",
    "border": "rgba(16, 185, 129, 0.3)",
    "borderHover": "rgba(16, 185, 129, 0.8)",
    "text": "#fff",
    "textSecondary": "#d1fae5",
    "gradient": "linear-gradient(135deg, #34d399 0%, #10b981 100%)",
    "gradientLight": "linear-gradient(135deg, #6ee7b7 0%, #34d399 100%)",
    "shadow": "rgba(16, 185, 129, 0.4)",
    "shadowHover": "rgba(16, 185, 129, 0.6)"
  },
  {
    "value": "rosepine",
    "name": "Rose Pine",
    "bgPrimary": "#191724",
    "bgSecondary": "#26233a",
    "bgTertiary": "rgba(25, 23, 36, 0.95)",
    "bgHover": "rgba(38, 35, 58, 0.95)",
    "bgContainer": "rgba(25,23,36,0.8)",
    "bgContainerGradient": "rgba(25, 23, 36, 0.9), #191724",
    "accent": "#ea9a97",
    "accentLight": "#f5e0dc",
    "accentDark": "#d08080",
    "border": "rgba(234, 154, 151, 0.3)",
    "borderHover": "rgba(234, 154, 151, 0.8)",
    "text": "#e0def4",
    "textSecondary": "#c4b1cd",
    "gradient": "linear-gradient(135deg, #f5e0dc 0%, #ea9a97 100%)",
    "gradientLight": "linear-gradient(135deg, #f6c177 0%, #f5e0dc 100%)",
    "shadow": "rgba(234, 154, 151, 0.4)",
    "shadowHover": "rgba(234, 154, 151, 0.6)"
  },
  {
    "value": "catppuccin",
    "name": "Catppuccin",
    "bgPrimary": "#1e1e2e",
    "bgSecondary": "#313244",
    "bgTertiary": "rgba(30, 30, 46, 0.95)",
    "bgHover": "rgba(49, 50, 68, 0.95)",
    "bgContainer": "rgba(30,30,46,0.8)",
    "bgContainerGradient": "rgba(30, 30, 46, 0.9), #1e1e2e",
    "accent": "#89b4fa",
    "accentLight": "#cba6f7",
    "accentDark": "#74c7ec",
    "border": "rgba(137, 180, 250, 0.3)",
    "borderHover": "rgba(137, 180, 250, 0.8)",
    "text": "#cdd6f4",
    "textSecondary": "#b6bfe8",
    "gradient": "linear-gradient(135deg, #cba6f7 0%, #89b4fa 100%)",
    "gradientLight": "linear-gradient(135deg, #f38ba8 0%, #cba6f7 100%)",
    "shadow": "rgba(137, 180, 250, 0.4)",
    "shadowHover": "rgba(137, 180, 250, 0.6)"
  },
  {
    "value": "dracula",
    "name": "Dracula",
    "bgPrimary": "#282a36",
    "bgSecondary": "#44475a",
    "bgTertiary": "rgba(40, 42, 54, 0.95)",
    "bgHover": "rgba(68, 71, 90, 0.95)",
    "bgContainer": "rgba(40,42,54,0.8)",
    "bgContainerGradient": "rgba(40, 42, 54, 0.9), #282a36",
    "accent": "#ff79c6",
    "accentLight": "#f1fa8c",
    "accentDark": "#ff92df",
    "border": "rgba(255, 121, 198, 0.3)",
    "borderHover": "rgba(255, 121, 198, 0.8)",
    "text": "#f8f8f2",
    "textSecondary": "#e0e0e0",
    "gradient": "linear-gradient(135deg, #ff79c6 0%, #bd93f9 100%)",
    "gradientLight": "linear-gradient(135deg, #8be9fd 0%, #ff79c6 100%)",
    "shadow": "rgba(255, 121, 198, 0.4)",
    "shadowHover": "rgba(255, 121, 198, 0.6)"
  },
  {
    "value": "christmas",
    "name": "Christmas",
    "bgPrimary": "#0d2818",
    "bgSecondary": "#1a4d2e",
    "bgTertiary": "rgba(13, 40, 24, 0.95)",
    "bgHover": "rgba(26, 77, 46, 0.95)",
    "bgContainer": "rgba(13,40,24,0.8)",
    "bgContainerGradient": "rgba(13, 40, 24, 0.9), #0d2818",
    "accent": "#dc2626",
    "accentLight": "#f87171",
    "accentDark": "#b91c1c",
    "border": "rgba(220, 38, 38, 0.3)",
    "borderHover": "rgba(220, 38, 38, 0.8)",
    "text": "#fff",
    "textSecondary": "#d4d4d4",
    "gradient": "linear-gradient(135deg, #dc2626 0%, #f87171 100%)",
    "gradientLight": "linear-gradient(135deg, #fca5a5 0%, #dc2626 100%)",
    "shadow": "rgba(220, 38, 38, 0.4)",
    "shadowHover": "rgba(220, 38, 38, 0.6)"
  }
]